ASG-ITEM-ID,Nombre del Producto/Servicio,Descripción Completa del Producto/Servicio,Precio (Costo Estimado por Unidad),Categoría,Subcategoría,Agencia,Categoria NIGP,Sub-Categoria NIGP,Agencia ID,Modo de Adquisición,ID Articulo,ASG-ITEM-ID,Requisicion Item ID,Licitacion,Marca,Modelo,Garantia,Número de contrato,Núm. de Partida,Renglón
031-02-002-01-0000000058,"Adquisicion Unidad A/C 48,000Btu","Adquisicion Unidad A/C 48,000Btu","$3,890.00",Equipos HVAC,"Aire acondicionado, portátiles o de habitación",Departamento de Hacienda,031,02,002,01,0000000058,031-02-002-01-0000000058,031-02-0000000058,31,Daikin,Aruf,1 Año Serv. Y 1 Año Compresor,19-142-C,8,2
015-25-003-02-0000000148,"Red Ink Cartridge (Production) For Sendpro P/Connect Series Mailing, Systems","Red Ink Cartridge (Production) For Sendpro P/Connect Series Mailing, Systems",$309.99,Tintas y suministros,Tintura para máquinas mimeográficas,Departamento de Seguridad Pública de Puerto Rico,015,25,003,02,0000000148,015-25-003-02-0000000148,015-25-0000000148,15,Pitney Bowes,Sendpro P2000,1 Año,,,
600-60-003-03-0000000144,Fotocopiadora Multifuncional A Color,Fotocopiadora Multifuncional A Color,"$5,864.17",Equipos de oficina,Máquinas multifuncionales de impresión/copiado,Departamento de Seguridad Pública de Puerto Rico,600,60,003,03,0000000144,600-60-003-03-0000000144,600-60-0000000144,600,Ricoh,Im C400F,2 Años,13-54-C,1C,1
015-16-003-04-0000000149,E-Z Seal Sealing Solution 4 Half Gallon Bottles,E-Z Seal Sealing Solution 4 Half Gallon Bottles,$99.99,Productos químicos,Químicos húmedos para copiadoras,Departamento de Seguridad Pública de Puerto Rico,015,16,003,04,0000000149,015-16-003-04-0000000149,015-16-0000000149,15,Pitney Bowes,Sendpro P2000,1 Año,,,
285-37-004-05-0000000019,Start Up Para  Generador Eléctrico Visa K32Sg-Ese,Start Up Para  Generador Eléctrico Visa K32Sg-Ese,$375.00,Generadores eléctricos,"Generadores portátiles, motor a gasolina",Comisión de Juegos del Gobierno de Puerto Rico,285,37,004,05,0000000019,285-37-004-05-0000000019,285-37-0000000019,285,Visa,K32Sg-Ese,2 Años,,,
204-60-005-06-0000000175,Dell Monitor 23.5,Dell Monitor 23.5,$156.33,Microcomputadoras,Monitores color y monocromo,Departamento de Estado,204,60,005,06,0000000175,204-60-005-06-0000000175,204-60-0000000175,204,Dell,Dell 24 P2419H,3 Años,20-299-C,5A,
345-06-005-01-0000000172,Dell Pro Slim Backpack 15'',Dell Pro Slim Backpack 15'',$35.00,Maletines y bolsos,Maletines de computadora / mochilas,Departamento de Estado,345,06,005,01,0000000172,345-06-005-01-0000000172,345-06-0000000172,345,Dell,Dell Pro,1 Año,20-299-C,7A,
207-34-005-02-0000000173,Dell Dock-Wd19,Dell Dock-Wd19,$138.00,Accesorios de computador,Estaciones de acople,Departamento de Estado,207,34,005,02,0000000173,207-34-005-02-0000000173,207-34-0000000173,207,Dell,Dell Dock-Wd19,1 Año,20-299-C,7A,
645-21-002-03-0000000223,Papel Bond Xerografico Tamaño Carta  10 Resmas Por Caja,Papel Bond Xerografico Tamaño Carta  10 Resmas Por Caja,$28.09,Suministros de papel,Papel bond tamaño carta,Departamento de Hacienda,645,21,002,03,0000000223,645-21-002-03-0000000223,645-21-0000000223,645,Executive,Office Gallery,,19-067-C,126,126
200-20-003-04-0000000272,"Camisa Azul Marino 5.11- 71175T Con Bordado En El Cuello Que Leabomberos Y Los Logos Del Dsp Y Del Negociado De Bomberos.
Tamaños De 2Xlarge A 5Xlarge","Camisa Azul Marino 5.11- 71175T Con Bordado En El Cuello Que Leabomberos Y Los Logos Del Dsp Y Del Negociado De Bomberos.
Tamaños De 2Xlarge A 5Xlarge",$59.99,Ropa de trabajo,Camisas uniformadas,Departamento de Seguridad Pública de Puerto Rico,200,20,003,04,0000000272,200-20-003-04-0000000272,200-20-0000000272,200,5.11,71175T,,,,
208-50-003-05-0000000130,Programa De Actualizacion Sistema Operativo Maquina Noritsu 380Ig (Propiedad Fp-40258),Programa De Actualizacion Sistema Operativo Maquina Noritsu 380Ig (Propiedad Fp-40258),$495.00,Software informático,Actualización de sistema operativo,Departamento de Seguridad Pública de Puerto Rico,208,50,003,05,0000000130,208-50-003-05-0000000130,208-50-0000000130,208,Noritsu,3801,30 Dias,,,
832-47-003-06-0000000147,Sendpro P/Connect Series Self Adhesive Tape Rolls,Sendpro P/Connect Series Self Adhesive Tape Rolls,$159.99,Cintas adhesivas,Cinta adhesiva para embalaje/mailing,Departamento de Seguridad Pública de Puerto Rico,832,47,003,06,0000000147,832-47-003-06-0000000147,832-47-0000000147,832,Pitney Bowes,Send Pro P2000,1 Año,,,
207-66-005-01-0000000174,Dell Usb Keyboard And Dell Usb Mouse,Dell Usb Keyboard And Dell Usb Mouse,$20.00,Periféricos de computador,Teclados y ratones USB,Departamento de Estado,207,66,005,01,0000000174,207-66-005-01-0000000174,207-66-0000000174,207,Dell,Dell Ms116,1 Año,20-299-C,7A,
200-30-003-02-0000000274,"Pantalón Para Bomberos 5.11-74273L- Azul Marino.
Tamaños De 46-54","Pantalón Para Bomberos 5.11-74273L- Azul Marino.
Tamaños De 46-54",$64.99,Ropa de trabajo,Pantalones de uniforme,Departamento de Seguridad Pública de Puerto Rico,200,30,003,02,0000000274,200-30-003-02-0000000274,200-30-0000000274,200,5.11,74273L,,,,
200-20-003-03-0000000271,"Camisa Azul Marino 5.11 -71175 Con Bordado En El Cuello Que Leabomberos Y Los Logos Del Dsp Y Del Negociado De Bomberos.
Tamaños De Small A Xlarge","Camisa Azul Marino 5.11 -71175 Con Bordado En El Cuello Que Leabomberos Y Los Logos Del Dsp Y Del Negociado De Bomberos.
Tamaños De Small A Xlarge",$54.99,Ropa de trabajo,Camisas uniformadas,Departamento de Seguridad Pública de Puerto Rico,200,20,003,03,0000000271,200-20-003-03-0000000271,200-20-0000000271,200,5.11,71175,,,,
200-30-003-04-0000000273,"Pantalón Para Bomberos 5.11 - 74273-Azul Marino.
Tamaños De 28-44","Pantalón Para Bomberos 5.11 - 74273-Azul Marino.
Tamaños De 28-44",$44.99,Ropa de trabajo,Pantalones de uniforme,Departamento de Seguridad Pública de Puerto Rico,200,30,003,04,0000000273,200-30-003-04-0000000273,200-30-0000000273,200,5.11,74273,,,,
204-54-005-05-0000000171,Laptops Dell Latitude 15',Laptops Dell Latitude 15',"$1,099.66",Microcomputadoras,Laptops y notebooks,Departamento de Estado,204,54,005,05,0000000171,204-54-005-05-0000000171,204-54-0000000171,204,Dell,Dell Latitude 5520 Xcto,3 Años,20-299-C,7A,
863-53-002-06-0000000180,Gomas P225 60R 18,Gomas P225 60R 18,$153.00,Llantas y neumáticos,Neumáticos para vehículos livianos,Departamento de Hacienda,863,53,002,06,0000000180,863-53-002-06-0000000180,863-53-0000000180,863,Goodyear Eagle Rsa,225-60-18,Deperfectos De Manufactua,21-RFP-005-ASG,,A-11
200-50-003-01-0000000270,Bota Para Bomberos 5.11 Company Boot Color Negro Modelo 12416,Bota Para Bomberos 5.11 Company Boot Color Negro Modelo 12416,$135.99,Ropa de trabajo,Botas de trabajo,Departamento de Seguridad Pública de Puerto Rico,200,50,003,01,0000000270,200-50-003-01-0000000270,200-50-0000000270,200,5.11,12416,,,,
840-84-002-02-0000000313,Televisor Smart Tv 55,Televisor Smart Tv 55,"$2,460.00",Equipos de video,Televisores inteligentes,Departamento de Hacienda,840,84,002,02,0000000313,840-84-002-02-0000000313,840-84-0000000313,840,Lg,55Uh5C,3Años Piezs Y Servicios On Site,18-155-C,24,24
340-00-003-03-0000000377,Extintor Co2 De 10 Lbs Con Gancho Y Pegatina,Extintor Co2 De 10 Lbs Con Gancho Y Pegatina,$169.50,Equipos de seguridad,Extintores,Departamento de Seguridad Pública de Puerto Rico,340,00,003,03,0000000377,340-00-003-03-0000000377,340-00-0000000377,340,Buckeye,45600,6 Años,17-084-C,8,1
425-03-003-04-0000000427,Archivos De 5 Gavetas Lateral (Crema),Archivos De 5 Gavetas Lateral (Crema),$746.30,Mobiliario de oficina,Archiveros verticales,Departamento de Seguridad Pública de Puerto Rico,425,03,003,04,0000000427,425-03-003-04-0000000427,425-03-0000000427,425,Karla,1842-5F,5 Años,16-146-C,12,1
060-72-003-05-0000000333,"Baterias Con No Menos De 660 Cold Cranking Amps. Para Las Siguientes  Unidades:
Ge-4565,7599,7340,7589,5320 Y 7708","Baterias Con No Menos De 660 Cold Cranking Amps. Para Las Siguientes  Unidades:
Ge-4565,7599,7340,7589,5320 Y 7708",$149.90,Baterías,Baterías automotrices de alto arranque,Departamento de Seguridad Pública de Puerto Rico,060,72,003,05,0000000333,060-72-003-05-0000000333,060-72-0000000333,60,Ac Delco,Acd31Tp,12 Meses,18-041-C,2,
425-02-003-06-0000000425,"Archivo De 2 Gavetas Lateral
(Crema)","Archivo De 2 Gavetas Lateral
(Crema)",$311.25,Mobiliario de oficina,Archiveros pequeños,Departamento de Seguridad Pública de Puerto Rico,425,02,003,06,0000000425,425-02-003-06-0000000425,425-02-0000000425,425,Karla,1836-2F,5 Años,16-146-C,2,1
740-51-007-02-0000000549,Servicio De (4) Coolers De Agua,"Servicio De (4) Coolers De Agua  
1 De Septiembre De 2021
31 De Diciembre De 2021 
El Costo Por Unidad Es De $50.00 Mensual.",$200.00,Sistemas de refrigeración,"Enfriadores de agua, bebederos",Oficina de Administración y Transformación de los Recursos Humanos,740,51,007,02,0000000549,740-51-007-02-0000000549,740-51-0000000549,740,Waterlogic,2500(Qwschill,,18-145-C,13,
425-03-003-03-0000000426,Archivo De 4 Gavetas Lateral(Crema),"Archivo De 4 Gavetas Lateral
(Crema)",$595.12,Mobiliario de oficina,Archiveros verticales,Departamento de Seguridad Pública de Puerto Rico,425,03,003,03,0000000426,425-03-003-03-0000000426,425-03-0000000426,425,Karla,1836-4F,5 Años,16-146-C,8,1
060-84-002-04-0000001861,"Transmission Mount V6, 3.6L","Transmission Mount V6, 3.6L",$71.00,Partes para vehículos,Soportes de transmisión,Departamento de Hacienda,060,84,002,04,0000001861,060-84-002-04-0000001861,060-84-0000001861,60,Jeep,Cherokee,,2016-000006,23,23
740-51-007-05-0000000887,Servicio De (4) Coolers De Agua,"Servicio De (4) Coolers De Agua
Qws Wl-100 Cool /Floor
1 De Sptiembre De 2021 Hasta  
31 De Diciembre De 2021.
40 Estimado Por Unidad Mensual.",$40.00,Sistemas de refrigeración,"Enfriadores de agua, bebederos",Oficina de Administración y Transformación de los Recursos Humanos,740,51,007,05,0000000887,740-51-007-05-0000000887,740-51-0000000887,740,Waterlogic,Wl-100,,18-145-C,17,
031-67-003-06-0000000643,"Acondicionador De Aire Tipo Mini Split(Piso Techo) De 60,000Btu Y 230 Voltios, Segun Especificacion Uea-19-258","Acondicionador De Aire Tipo Mini Split(Piso Techo) De 60,000Btu Y 230 Voltios, Segun Especificacion Uea-19-258","$3,285.00",HVAC,Aire acondicionado tipo mini split,Departamento de Seguridad Pública de Puerto Rico,031,67,003,06,0000000643,031-67-003-06-0000000643,031-67-0000000643,31,Miden,Ceilin Floor,1 Año Servicio 5 Años Compresor,19-142-C,21,1
975-14-010-01-0000000770,Alquiler De Ford Explorer 4X2 Automatica 4 Puertas.,Alquiler De Ford Explorer 4X2 Automatica 4 Puertas. Periodo Del 1 De Septiembre 2021 Al 30 De Noviembre 2021. Partida #20 Enmienda 8 Del Contrato Numero 16-121-C De Seleccion Multiple Para El Alquiler De Vehiculos A Corto Plazo.,"$1,550.00",Arrendamiento de vehículos,"Vehículos utilitarios, SUV",Autoridad de Transporte Marítimo,975,14,010,01,0000000770,975-14-010-01-0000000770,975-14-0000000770,975,Ford,Explorer O Similar,Na,16-121-C,20,
060-78-013-02-0000000898,Serpentine Belt 5081223,Serpentine Belt 5081223,$72.00,Partes para vehículos,Correas de accesorios / serpentina,Administración de Terrenos,060,78,013,02,0000000898,060-78-013-02-0000000898,060-78-0000000898,60,Ford,350,30 Dias,2016-000024,1,7
962-86-011-03-0000000822,Relocalizar Multifuncionales De 3 Salas Administativas,"Relocalizar Multifuncionales De 3 Salas Administativas
1. Sala Adm. Caguas A Ofic. Regional De Bayamón
2. Sala De Humacao A Región De Arecibo
3. Sala Tribunal San Juan A Asume Central",$275.00,Servicios generales,Traslado de equipo y mobiliario,Departamento de la Familia,962,86,011,03,0000000822,962-86-011-03-0000000822,962-86-0000000822,962,Ricoh,Mp4055 Sp,,,,
910-00-002-04-0000000767,Ge-03206,"Ge-03206
(2) Control Arm Upper
(2) Control Arm Lower
(1) Stabilizer Bar Bushing
(1) Stabilizer Bar End Link 
(1) Steering Gear Assembly
(4) Tie Rod And/Or End - Inner",$879.95,Servicios generales,Mano de obra general,Departamento de Hacienda,910,00,002,04,0000000767,910-00-002-04-0000000767,910-00-0000000767,910,Jeep,Grand Cherokee,6 Meses,2019-000018,23,
910-00-002-05-0000000768,Ge-03206,"Ge-03206
(1) Labor",$288.00,Servicios generales,Mano de obra general,Departamento de Hacienda,910,00,002,05,0000000768,910-00-002-05-0000000768,910-00-0000000768,910,Jeep,Gran Cherokee,6 Meses,2019-000018,23,
060-83-002-06-0000001860,"Engine Mount  V6, 3.6L, Right Engine","Engine Mount  V6, 3.6L, Right Engine",$114.50,Partes para vehículos,Soportes de motor,Departamento de Hacienda,060,83,002,06,0000001860,060-83-002-06-0000001860,060-83-0000001860,60,Jeep,Cherokee,,2016-000006,23,23
060-72-003-01-0000000815,Baterias Para Torres De Luz,"Baterias Para Torres De Luz
Ge08684- Prop.63405,
Ge08682-Prop.63403
Ge08679-Prop.63400, 
Ge08678- Prop.63399
Ge08677- Prop.63398, 
Ge08674-Prop.6339:
Ge08673- Prop.63394,
Ge08672-Prop.63393
Ge08675- Prop. 63396",$134.90,Baterías,Baterías de alto arranque (CCA),Departamento de Seguridad Pública de Puerto Rico,060,72,003,01,0000000815,060-72-003-01-0000000815,060-72-0000000815,60,Ac Delco,Acd1109C,12 Meses,18-041-C,1,
910-00-002-02-0000001862,"Transmission Mount V6, 3.6L","Transmission Mount V6, 3.6L",$71.00,Servicios generales,Mano de obra general,Departamento de Hacienda,910,00,002,02,0000001862,910-00-002-02-0000001862,910-00-0000001862,910,Jeep,Cherokee,,2016-000006,23,23
031-67-002-03-0000001864,Labor,Labor,$668.00,Partes para vehículos,Soportes de motor,Departamento de Hacienda,031,67,002,03,0000001864,031-67-002-03-0000001864,031-67-0000001864,31,Jeep,Cherokee,,2016-000006,23,23
928-52-002-04-0000001156,"Mini-Split 60K Btu
Colecturia Arecibo Cesco","Mini-Split 60K Btu
Colecturia Arecibo Cesco","$3,285.00",HVAC,Aire acondicionado tipo mini split,Departamento de Hacienda,928,52,002,04,0000001156,928-52-002-04-0000001156,928-52-0000001156,928,Miden,Ceilin Floor,1 Año Serv. Y 5 Año Compresor,19-142-C,21,1
578-34-002-05-0000000558,"Reparacion De Hojalateria Y Pintura De Bumper, Bonete Y Guardalodos Delanters.","- Reparacion De Hojalateria Y Pintura De Bumper, Bonete Y Guardalodos Delanters.
- Labor
Vehiculo: Ge-03197","$1,500.00",Servicios para vehículos,Reparación de carrocería,Departamento de Hacienda,578,34,002,05,0000000558,578-34-002-05-0000000558,578-34-0000000558,578,Jeep,Cherokee,,2019-000018,23,23
840-84-002-06-0000000771,Wall Mount Bracket Refuerzo De Pared Para Gibson Board Para Colocar Tv De 55,Wall Mount Bracket Refuerzo De Pared Para Gibson Board Para Colocar Tv De 55,$86.94,Soportes y accesorios,Soportes para pantallas planas,Departamento de Hacienda,840,84,002,06,0000000771,840-84-002-06-0000000771,840-84-0000000771,840,Kanto,Pf300,5 Años Manufacturero,18-155-C,49,49
060-72-002-01-0000000890,Televisor De 40,Televisor De 40,$612.14,Equipos de video,Televisores,Departamento de Hacienda,060,72,002,01,0000000890,060-72-002-01-0000000890,060-72-0000000890,60,Samsungn5300,N5300,3 Años,18-155-C,5,5
060-72-001-02-0000000916,Batería De Polos Regulares (Tp) Con No Menos De 700 Cold Cranking Segun Especificacion 114.90,Batería De Polos Regulares (Tp) Con No Menos De 700 Cold Cranking Segun Especificacion 114.90,$114.90,Baterías,Baterías de arranque estándar,Junta Reglamentadora de Servicio Público,060,72,001,02,0000000916,060-72-001-02-0000000916,060-72-0000000916,60,Acdelco,Acd65A,12 Meses,18-041-C,3,NA
060-83-003-03-0000000955,Bateria De Polos Regulares No Menos De 900 Cc Para La Unidad Ge-08031,"Bateria De Polos Regulares No Menos De 900 Cc

Para La Unidad Ge-08031
Dodge Caravan 2014",$218.90,Baterías,Baterías de alto arranque (CCA),Departamento de Seguridad Pública de Puerto Rico,060,83,003,03,0000000955,060-83-003-03-0000000955,060-83-0000000955,60,Ac Delco,Acd-4-Da,12 Meses,18-041-C,6,
060-22-002-04-0000001859,"Engine Mount  V6, 3.6L, Left Engine","Engine Mount  V6, 3.6L, Left Engine",$114.50,Partes para vehículos,Soportes de motor,Departamento de Hacienda,060,22,002,04,0000001859,060-22-002-04-0000001859,060-22-0000001859,60,Jeep,Cherokee,,2016-000006,23,23
060-72-002-05-0000000831,"Caliper Front, Left","Caliper Front, Left",$138.00,Partes para vehículos,Frenos - calipers,Departamento de Hacienda,060,72,002,05,0000000831,060-72-002-05-0000000831,060-72-0000000831,60,Jeep,Cherokee,,2016-000006,23,23
840-84-003-06-0000000816,Bateria De Polos No Menor De 660 Cc.,"Bateria De Polos No Menor De 660 Cc.
Para Las Unidades Oficina Central - Prusar
Kawasaki Mule 4010 2013",$149.90,Baterías,Baterías automotrices de arranque,Departamento de Seguridad Pública de Puerto Rico,840,84,003,06,0000000816,840-84-003-06-0000000816,840-84-0000000816,840,Ac Delco,Acd31Tp,12 Meses,18-041-C,2,
975-14-006-01-0000001225,Televisor Hd 32Según Especificacion Uea-18-486,Televisor Hd 32Según Especificacion Uea-18-486,$459.43,Equipos de video,Televisores HD,Administración de Servicios de Salud Mental y Contra la Adicción,975,14,006,01,0000001225,975-14-006-01-0000001225,975-14-0000001225,975,Samsung,N5300-Un32N5300 Afxza,3 Años,18-155-C,4,
060-83-006-02-0000000961,"Alquiler De Vehiculo Mini Van Para No Menos De Siete (7) Pasajeros , Transimision Automatica, Cuatro Puertas Laterales Y Una Puerta Trasera Con Cristal, Radio Am Y Fm","Alquiler De Vehiculo Mini Van Para No Menos De Siete (7) Pasajeros , Transimision Automatica, Cuatro Puertas Laterales Y Una Puerta Trasera Con Cristal, Radio Am Y Fm","$1,200.00",Arrendamiento de vehículos,Minivans de pasajeros,Administración de Servicios de Salud Mental y Contra la Adicción,060,83,006,02,0000000961,060-83-006-02-0000000961,060-83-0000000961,60,Kia,"Gran Caravan, Sedona O Similar",,16-121-C,12,
060-72-002-03-0000001107,(3) Engine Motor Mounts,(3) Engine Motor Mounts,$278.79,Partes para vehículos,Soportes de motor,Departamento de Hacienda,060,72,002,03,0000001107,060-72-002-03-0000001107,060-72-0000001107,60,Dodge,Charger,,2019-000018,15,
060-89-003-04-0000001252,"Baterias De Polos De Tornillos (Ts) Con No Menos De 660 Cold Cranking Amps. Segun Especificaciones. Asignadas Para Las Unidades: (8300308,8800311,8800829,8800863,8800869,8300314)","Baterias De Polos De Tornillos (Ts) Con No Menos De 660 Cold Cranking Amps. Segun Especificaciones. Asignadas Para Las Unidades: (8300308,8800311,8800829,8800863,8800869,8300314)",$149.90,Baterías,Baterías de arranque (TS),Departamento de Seguridad Pública de Puerto Rico,060,89,003,04,0000001252,060-89-003-04-0000001252,060-89-0000001252,60,Acdelco,Acd31Tp,12 Meses,18-041-C,2,
060-19-002-05-0000001102,(4) Strut Mounts Eyuh3654,"(4) Strut Mounts Eyuh3654
(4) Links Delanteros Y Traseros",$400.00,Partes para vehículos,Suspensión - Struts y links,Departamento de Hacienda,060,19,002,05,0000001102,060-19-002-05-0000001102,060-19-0000001102,60,Ford,Escape,,2019-000018,23,23
425-20-013-06-0000000900,Rear Rotor Disc 54074G,Rear Rotor Disc 54074G,$72.00,Partes para vehículos,Frenos - discos traseros,Administración de Terrenos,425,20,013,06,0000000900,425-20-013-06-0000000900,425-20-0000000900,425,Ford,350,30 Dias,2016-000024,1,7
071-04-003-01-0000001328,Escritorio Para Oficina,"Escritorio Para Oficina
Escritorio Con Gavetas Central Y Cerradura Con Llave De Un Pedestal Con Dos (2) Gavetas Al Lado Der. O Izq.; Una Corriente Y Otra Archivo.  Tamaño 60 X 30 De Fondo, 29 1/2 Con Tolerancia De =/-1/2 De Alto",$565.90,Mobiliario de oficina,Escritorios,Departamento de Seguridad Pública de Puerto Rico,071,04,003,01,0000001328,071-04-003-01-0000001328,071-04-0000001328,71,Karla,Kwpbl6030,12 Años C.D.F.,16-119-C,2,8
863-53-002-02-0000001414,Dodge Charger,Dodge Charger,$276.00,Vehículos,Sedanes y autos de pasajeros,Departamento de Hacienda,863,53,002,02,0000001414,863-53-002-02-0000001414,863-53-0000001414,863,Dodge,Charger,,2019-000018,15,
060-28-003-03-0000001422,Gomas 235-65 R-16,Gomas 235-65 R-16,$160.00,Neumáticos,Neumáticos para vehículos livianos,Departamento de Seguridad Pública de Puerto Rico,060,28,003,03,0000001422,060-28-003-03-0000001422,060-28-0000001422,60,Cooper,Adventure H/T,Por Defecto De Manufactura,21-RFP-005-ASG,A-16,
060-72-002-04-0000001863,Evaporator Core,Evaporator Core,$388.00,Partes para vehículos,Componentes de A/C automotriz,Departamento de Hacienda,060,72,002,04,0000001863,060-72-002-04-0000001863,060-72-0000001863,60,Jeep,Cherokee,,2016-000006,23,23
060-20-009-05-0000001047,Adquisicion Baterias Acd4Ds,Adquisicion Baterias Acd4Ds,$218.90,Baterías,Baterías de arranque (especificación ACD),Autoridad de los Puertos,060,20,009,05,0000001047,060-20-009-05-0000001047,060-20-0000001047,60,Acdelco,Adc-4-Da,12 Meses,18-041-C,6,
425-72-006-06-0000001228,Sillas Ejecutivas Ergonomicas Con Espaldar Mediano,Sillas Ejecutivas Ergonomicas Con Espaldar Mediano,$262.00,Mobiliario de Oficina,Sillas,Administración de Servicios de Salud Mental y Contra la Adicción,425,72,006,06,0000001228,425-72-006-06-0000001228,425-72-0000001228,425,Global Office To Go,Full Time Med Black,Lifetime,21-1755,2,
060-75-003-01-0000001384,Gomas-245-75-R-16-4 Para Cada Unidad,Gomas-245-75-R-16-4 Para Cada Unidad,$160.00,Neumáticos para Automóviles,Neumáticos para Vehículos de Pasajeros,Departamento de Seguridad Pública de Puerto Rico,060,75,003,01,0000001384,060-75-003-01-0000001384,060-75-0000001384,60,Copper,Adventurer H/T,Por Defecto De Manufactura,21-RFP-005-ASG,A-47,
060-62-002-02-0000001413,(4) Brake Disc Abs Wheel Rwd 4779639Ad,"(4) Brake Disc Abs Wheel Rwd 4779639Ad
(4) Instalacion Gomas Y Balanceo (245/45/20)
(4) Shock 7 Strut Assembly Rwd 680720067Ac
(2) Control Arm Rwd 516389Ab
(2) Caliper Rwd 5137671Ab
(2) Brake Shoes & Pads 68147681Ab
(1) Engine Oil Filter 4884899Ac
(2) Wiper Arm & Blades 5182439Aa
(1) Air Cleaner Element 48617464B

Vehiculo: Ge-05994
2014 Dodge Charger Gris Ici-999","$2,337.75",Partes Automotrices,"Frenos, Rotores, Pastillas",Departamento de Hacienda,060,62,002,02,0000001413,060-62-002-02-0000001413,060-62-0000001413,60,Dodge,Charger,,2019-000018,15,
615-15-002-03-0000001327,"Cajas Para Archivar Con Tapas Impreso Por Dos De Sus Lados 
","Cajas Para Archivar Con Tapas Impreso Por Dos De Sus Lados 
Solicitado Por: Almacén Central",$2.79,Suministros de Oficina,Cajas para Archivar,Departamento de Hacienda,615,15,002,03,0000001327,615-15-002-03-0000001327,615-15-0000001327,615,Gen,Caja Archivar,,19-067-C,,192
060-67-002-04-0000000886,Baterias Incluye Instalacion Vehiculo:  Fuso Ge 03285,"Baterias Incluye Instalacion
Vehiculo:  Fuso Ge 03285",$149.90,Baterías y Cargadores,Instalación Incluida,Departamento de Hacienda,060,67,002,04,0000000886,060-67-002-04-0000000886,060-67-0000000886,60,Acedelco,Acd31Tp,12 Meses,18-041-C,2,2
031-75-007-05-0000000888,Servicio  Qws Chiller Cold-Hot /Floor - Counter,"Servicio  Qws Chiller
Cold-Hot /Floor - Counter 
1 De Septiembre De 2021 Hasta
31 De Diciembre De 2021
55 Estimado Por Unidad Mensual.",$55.00,Equipos de Refrigeración,Dispensadores de Agua,Oficina de Administración y Transformación de los Recursos Humanos,031,75,007,05,0000000888,031-75-007-05-0000000888,031-75-0000000888,31,Waterlogic,2500Qws Chille,,18-145-C,15,
060-30-013-06-0000000899,Rear Brake Pads Zx757,Rear Brake Pads Zx757,$48.00,Partes Automotrices,Pastillas de Freno,Administración de Terrenos,060,30,013,06,0000000899,060-30-013-06-0000000899,060-30-0000000899,60,Ford,350,30 Dias,2016-000024,1,7
425-72-003-01-0000001329,Escritorios Para Oficina,"Escritorios Para Oficina
Escritorio Con Gavetas Central Y Cerradura Con Llave De Un Pedestal Con Dos (2) Gavetas Al Lado Der. O Izq.; Una Corrientes Y Otra Archivo. Tamaño 48 X 30 De Fondo 29 1/2 Con Tolerancia De =/-1/2 De Alto",$350.00,Mobiliario de Oficina,Escritorios,Departamento de Seguridad Pública de Puerto Rico,425,72,003,01,0000001329,425-72-003-01-0000001329,425-72-0000001329,425,Karla,K425-2,12 Años C.D.F.,16-119-C,2,1
060-20-003-02-0000001476,Gomas 235 65R 16,Gomas 235 65R 16,$160.00,Neumáticos para Automóviles,Neumáticos para Vehículos de Pasajeros,Departamento de Seguridad Pública de Puerto Rico,060,20,003,02,0000001476,060-20-003-02-0000001476,060-20-0000001476,60,Cooper,Adventure H/T,Por Defecto De Manufactura,21-RFP-005-ASG,A-16,
425-53-006-03-0000001435,Silla Ejecutiva Ergonomicas Heavy Duty,Silla Ejecutiva Ergonomicas Heavy Duty,$417.00,Mobiliario de Oficina,Sillas,Administración de Servicios de Salud Mental y Contra la Adicción,425,53,006,03,0000001435,425-53-006-03-0000001435,425-53-0000001435,425,Global Offices To Go,Overtime 350 High Back,5 Años,21-1755,12,
204-36-014-04-0000001475,"Sitema Operativo; Window 10 Pro 64-Bit, Processpr: Inter Core 19 (9Th Gen)","Sitema Operativo; Window 10 Pro 64-Bit, Processpr: Inter Core 19 (9Th Gen)
99/3.1 O5 Gh (8 Core) Or Better
Procesor: Main Features : Inter Truvo Boots Tecnology 2, Inter Snart Cache.
Memory Ram 16Gb(Installed In Oe Dimmv 128Gb (Max) Ddr4 Sdram-Non-Ecc-Store Controller: M.2Nvm Express(Nvme) Graphis Controller: Interate Graphics. Dispaly Port An Hdm; Audio Output; Stereo. Networking; Gigabil Ehernet 10/100/1000-Keyboard:Usb Optical.
Power According To Manufacturer
Opretating System:Windows 10 Pro 64-Bil Edition
Dimensions (Wxdxh) Segun El Fabricante
Weigh: According To The Manufacturer Enviromental Standards: Tco Certified, Energy Star Qualified
Warranty: 3 Years-Parts And Labor-On-Site, Con Battery Back-Up
Monitor
Divice Type; Led-Baclit Lcd Monitor-27 Or Better
Native Resolution. Full Hd (1080P)1920 X 1080
Input Connectors; Compatible Con El Cpu. Scredd: Anti Giare
Environmental Standars;  Tco Certified, Energy Star Qualified 
Warrantt; 3 Year 
In The Bo Must Include: Ac Power Cird, Display Port Cable Of Hdmi Sea Compatible Con Cpu Cd(Includes User Guide,Warranty Drivers.",$953.00,Software de Computadora,Sistemas Operativos,Comisión para la Seguridad en el Tránsito,204,36,014,04,0000001475,204-36-014-04-0000001475,204-36-0000001475,204,Lenovo,Thinkcentre M70S,3 Years,20-299-C,1,1
910-67-013-05-0000000901,Labor Instalación,Labor Instalación,$295.00,Servicios de Instalación,Instalación de Equipos Eléctricos,Administración de Terrenos,910,67,013,05,0000000901,910-67-013-05-0000000901,910-67-0000000901,910,Ford,350,30 Dias,2016-000024,1,7
031-72-006-06-0000001014,"Acondicionador De Aire Tipo Mini Split (Pared) De 18,000 Btu Y 230 Voltios, Según Especificaciones Uea-19-257","Acondicionador De Aire Tipo Mini Split (Pared) De 18,000 Btu Y 230 Voltios, Según Especificaciones Uea-19-257","$1,058.00",Equipos de HVAC,Unidades Montadas en Pared,Administración de Servicios de Salud Mental y Contra la Adicción,031,72,006,06,0000001014,031-72-006-06-0000001014,031-72-0000001014,31,Trane,Clase A Real Capacity,1 Año Labor/5 Años Piezas/10 Años Compresor,19-142-C,11,1
060-15-003-01-0000001474,Gomas 235 65 R16,Gomas 235 65 R16,$160.00,Neumáticos para Automóviles,Neumáticos para Vehículos de Pasajeros,Departamento de Seguridad Pública de Puerto Rico,060,15,003,01,0000001474,060-15-003-01-0000001474,060-15-0000001474,60,Cooper,Adventure H/T,Por Defecto De Manufactura,21-RFP-005-ASG,A-16,
060-15-003-02-0000001554,Bateria Con No Menos De 700 Cold Crankings.,"Bateria Con No Menos De 700 Cold Crankings.
Para Ge-05199 Ford Taurus 2012",$114.90,Baterías y Cargadores,Baterías Automotrices,Departamento de Seguridad Pública de Puerto Rico,060,15,003,02,0000001554,060-15-003-02-0000001554,060-15-0000001554,60,Ac Delco,Acd65A,12 Meses,18-041-C,3,
060-67-003-03-0000001739,Compra De Bateria,"Compra De Bateria 
Ford Edge 2012
Tablilla Ge-09138
Vin:2Fmdk3Gc3Cba85167",$149.90,Baterías y Cargadores,Compra Genérica,Departamento de Seguridad Pública de Puerto Rico,060,67,003,03,0000001739,060-67-003-03-0000001739,060-67-0000001739,60,Adelco,Acd31Tp,12 Meses,18-041-C,2,
031-45-006-04-0000001099,"Acondicionador De Aire Tipo Mini Split Piso-Techo De 60,000 Btu Y 230 Voltios, Según Especificacion Uea-19-258","Acondicionador De Aire Tipo Mini Split Piso-Techo De 60,000 Btu Y 230 Voltios, Según Especificacion Uea-19-258","$3,285.00",Equipos de HVAC,Unidades de Techo o Piso,Administración de Servicios de Salud Mental y Contra la Adicción,031,45,006,04,0000001099,031-45-006-04-0000001099,031-45-0000001099,31,Miden,Ceilin Floor,1 Año Servicio /5 A Nos En Compresor,19-142-C,21,1
615-40-003-05-0000001603,Boligrafo Gel Negro,Boligrafo Gel Negro,$13.29,Suministros de Oficina,Bolígrafos y Lápices,Departamento de Seguridad Pública de Puerto Rico,615,40,003,05,0000001603,615-40-003-05-0000001603,615-40-0000001603,615,Pilot,Presice V7,,19-067-C,164,
425-15-001-06-0000001139,Credencia Con Doble Pedestal Con Llave.,"Credencia Con Doble Pedestal Con Llave.  Un Pedestal Con Tres (3) Gavetas Medianas Al Lado Izquierdo Y Otro Con Una (1) Gaveta De Archivo Y Una Mediana Al Lado Derecho.  Dos Puertas Corredizas En El Centro Con Tiradores Propios Forjados En El Borde Interior De La Madera O Metal Pulido, Cromado O Pintado En Epoxy.  Las Patas Laterales Y El Tope Del Diseño Mederno Serán De Un Espesor Mínimo De Una (1) Puglada, Sus Bordes Serán Cubiertos Con Moldura De Madera Sólida, Plástico Laminado O Pvc Del Mismo Color De La Superficie Del Escritorio.  Ejecutiva 60 Ancho X 20 Fondo X 29-30 Alto.

Laminado Color Roble Inca",$565.90,Mobiliario de Oficina,Credenzas y Unidades de Almacenamiento,Junta Reglamentadora de Servicio Público,425,15,001,06,0000001139,425-15-001-06-0000001139,425-15-0000001139,425,Karla,Kwpbl6020,12 Años C.D.F.,16-119-C,3,9
060-60-003-01-0000001584,Bateria De Polo Regular,"Bateria De Polo Regular
No Menos De 900 Cc

Para El Funcionamiento Del Generador De La Estacion De Yabucoa.

Marca Onan-Serie-H960615725",$218.90,Baterías y Cargadores,Poste Regular,Departamento de Seguridad Pública de Puerto Rico,060,60,003,01,0000001584,060-60-003-01-0000001584,060-60-0000001584,60,Ac Delco,Adc-4-Da,12 Meses,18-041-C,6,
840-15-006-02-0000001226,Gancho Fijo Para Televisor De 32 A 70 Según Especificacion Uea 491,Gancho Fijo Para Televisor De 32 A 70 Según Especificacion Uea 491,$86.94,Equipos Audiovisuales,Soportes para TV,Administración de Servicios de Salud Mental y Contra la Adicción,840,15,006,02,0000001226,840-15-006-02-0000001226,840-15-0000001226,840,Kanto,Pf300,5 Años Por Manufacturero,18-155-C,49,
060-20-003-03-0000001679,Bateria (Tipo Polo),"Bateria (Tipo Polo) 
900Cca 4Da 
Ultima Istalcion: Junio 2015
Marcan Onan 
Num. Serie K960622941
Num. Prop 23979
Estacion Junco",$218.90,Baterías y Cargadores,Baterías Tipo Poste,Departamento de Seguridad Pública de Puerto Rico,060,20,003,03,0000001679,060-20-003-03-0000001679,060-20-0000001679,60,Adelco,Adc-4-Da,Por Defecto De Manufactura,18-041-C,6,
425-84-006-04-0000001227,Sillas Ejecutivas Ergonomicas Heavy Duty,Sillas Ejecutivas Ergonomicas Heavy Duty,$417.00,Mobiliario de Oficina,Sillas Reforzadas,Administración de Servicios de Salud Mental y Contra la Adicción,425,84,006,04,0000001227,425-84-006-04-0000001227,425-84-0000001227,425,Global Offices To Go,Overtime 350 High Back,5 Años,21-1755,1,
840-15-003-05-0000000896,Televisor O Monitor De 65,"Televisor O Monitor De 65
Class Tu700D-Series Crystal
Ultra Hd 4K","$3,396.43",Equipos Audiovisuales,Televisores,Departamento de Seguridad Pública de Puerto Rico,840,15,003,05,0000000896,840-15-003-05-0000000896,840-15-0000000896,840,Samsung,"Q6Fn, Qn65Q6Fn",3 Años,18-155-C,20,
060-53-002-06-0000000737,Bateria Vehiculo:,"Bateria Vehiculo: 
Jeep Cherokee Laredo 2010
Ge 03198 Modelo Acdelco Acd31Tp Garantia 12 Meses",$149.90,Baterías y Cargadores,Automotriz,Departamento de Hacienda,060,53,002,06,0000000737,060-53-002-06-0000000737,060-53-0000000737,60,Ac Delco,Acd31Tp,12 Meses,18-041-C,2,
070-00-003-01-0000001865,Gomas 235 65 R 16,Gomas 235 65 R 16,$160.00,Neumáticos,Neumáticos para vehículos de pasajeros,Departamento de Seguridad Pública de Puerto Rico,070,00,003,01,0000001865,070-00-003-01-0000001865,070-00-0000001865,70,Cooper,Adventure H/T,Por Defecto De Manufactura,21-RFP-005-ASG,A-16,
070-00-002-02-0000001103,Ford Escape,Ford Escape,$120.00,Vehículos,Vehículos utilitarios,Departamento de Hacienda,070,00,002,02,0000001103,070-00-002-02-0000001103,070-00-0000001103,70,Ford,Escape,,2019-000018,23,23
060-52-002-03-0000001108,Dodge Charger,Dodge Charger,$120.00,Vehículos,Vehículos utilitarios,Departamento de Hacienda,060,52,002,03,0000001108,060-52-002-03-0000001108,060-52-0000001108,60,Dodge,Charger,,2019-000018,15,
060-53-003-04-0000001848,Gomas 265 70 R 17,Gomas 265 70 R 17,$150.00,Neumáticos,Neumáticos para vehículos de pasajeros,Departamento de Seguridad Pública de Puerto Rico,060,53,003,04,0000001848,060-53-003-04-0000001848,060-53-0000001848,60,Cooper,Adventure H/T,Por Defecto De Manufactura,21-RFP-005-ASG,A-54,
060-52-003-05-0000001857,Bateria De Polos (Tp) Con No Menos De 660 Cold Crancking Amps,"Bateria De Polos (Tp) Con No Menos De 660 Cold Crancking Amps

Bateria Para Bob Cat T 630
Numero De Unidad 1332-60602


Bryan Medina Fragosa
Oficial De Enlace
Bmedina@Dsp.Pr.Gov
7879035602",$149.00,Baterías y cargadores,Baterías automotrices,Departamento de Seguridad Pública de Puerto Rico,060,52,003,05,0000001857,060-52-003-05-0000001857,060-52-0000001857,60,Adelco,Acd31Tp,12 Meses,18-041-C,2,
060-52-015-06-0000001501,"Gomas Tamaño 265 - 60R-18, (Tredwear 500), Incluye Balanceo Y Reciclaje, Marca: Dodge, Modelo: Durango, Tablilla: Ge-07477","Gomas Tamaño 265 - 60R-18, (Tredwear 500), Incluye Balanceo Y Reciclaje, Marca: Dodge, Modelo: Durango, Tablilla: Ge-07477",$157.00,Neumáticos,Neumáticos para vehículos de pasajeros,Departamento Recreación y Deportes,060,52,015,06,0000001501,060-52-015-06-0000001501,060-52-0000001501,60,Goodyear,500,Contra Defectos De Manufactura,21-RFP-005-ASG,B-31,0
060-52-003-01-0000001386,Gomas 245-75-R-16,Gomas 245-75-R-16,$160.00,Neumáticos,Neumáticos para vehículos de pasajeros,Departamento de Seguridad Pública de Puerto Rico,060,52,003,01,0000001386,060-52-003-01-0000001386,060-52-0000001386,60,Cooper,Adventure H/T,Contra Desperfecto De Fabrica,21-RFP-005-ASG,A-47,
060-52-003-02-0000001502,Gomas 205 75 R 15,"Gomas 205 75 R 15
Unidad 5008 Y 5005
Vagones De Cominicaciones",$79.00,Neumáticos,Neumáticos para vehículos de pasajeros,Departamento de Seguridad Pública de Puerto Rico,060,52,003,02,0000001502,060-52-003-02-0000001502,060-52-0000001502,60,Starfire,Solarus Classic,Por Defecto De Manufactura,21-RFP-005-ASG,A-59,
060-52-003-03-0000001416,Gomas 245 75 R 16,Gomas 245 75 R 16,$160.00,Neumáticos,Neumáticos para vehículos de pasajeros,Departamento de Seguridad Pública de Puerto Rico,060,52,003,03,0000001416,060-52-003-03-0000001416,060-52-0000001416,60,Cooper,Adventure,Contra Defecto De Manufactura,21-RFP-005-ASG,A-47,
031-67-003-04-0000001418,Gomas 245 75 R 16,Gomas 245 75 R 16,$160.00,Neumáticos,Neumáticos para vehículos de pasajeros,Departamento de Seguridad Pública de Puerto Rico,031,67,003,04,0000001418,031-67-003-04-0000001418,031-67-0000001418,31,Cooper,Adventure,Por Desperfectos De Fabrica,21-RFP-005-ASG,A-47,
060-52-002-05-0000001171,Acondicionadores De Aire Mini Split 60K Btu,"Acondicionadores De Aire Mini Split 60K Btu
Para Sustituir Unidades 140900 Y 142299
Colecturia Mayaguez 360","$3,285.00",Equipos HVAC,Aire acondicionado tipo mini split,Departamento de Hacienda,060,52,002,05,0000001171,060-52-002-05-0000001171,060-52-0000001171,60,Miden,Ceilin Floor,1 Año Serv. Y 5 Año Compresor,19-142-C,21,21
060-53-003-06-0000001560,Gomas 265-70-17,Gomas 265-70-17,$117.00,Neumáticos,Neumáticos para vehículos de pasajeros,Departamento de Seguridad Pública de Puerto Rico,060,53,003,06,0000001560,060-53-003-06-0000001560,060-53-0000001560,60,Starfire Solarus,H/T,Por Defecto De Manufactura,21-RFP-005-ASG,A-34,
060-52-003-01-0000000818,Batreria De Polos Con No Menos 660 Cold Cranking,"Batreria De Polos Con No Menos 660 Cold Cranking Para Las Siguientes Unidades:
Camiones International 42000 Del 2005
Ge-08568 Unidad 63312
Ge-08569 Unidad 63313
Ge-08570 Unidad 63314
Ge-08572 Unidad 63316
Ge-08566 Unidad 63310
Cada Unidad Utiliza 3 Baterias",$149.90,Baterías y cargadores,Baterías automotrices,Departamento de Seguridad Pública de Puerto Rico,060,52,003,01,0000000818,060-52-003-01-0000000818,060-52-0000000818,60,Ac Delco,Acd31Tp,12 Meses,18-041-C,2,
390-42-003-02-0000001469,Gomas 235-65-R-16,Gomas 235-65-R-16,$160.00,Neumáticos,Neumáticos para vehículos de pasajeros,Departamento de Seguridad Pública de Puerto Rico,390,42,003,02,0000001469,390-42-003-02-0000001469,390-42-0000001469,390,Cooper,Adventure H/T,Por Defecto De Manufactura,21-RFP-005-ASG,A-16,
060-53-013-03-0000001400,Alquiler De Equipo. Dispensadores De Agua (Water Cooler).,"Alquiler De Equipo. Dispensadores De Agua (Water Cooler). Igual O Similar. Counter Top, Cold, Firewall Uv Technology. Biocote Protection O Antibacterial Protection. Leak Detection. Capacity: Cold Tank (1.00 Gallon) Minimum. Water Temperature Minimum: Cold 36 F, Hot 185 F , Extra Hot 195 F, Compresor: 110V, 50 Hz. Especificaciones: Uea-17-74",$40.00,Refrigeración,Dispensadores de agua,Administración de Terrenos,060,53,013,03,0000001400,060-53-013-03-0000001400,060-53-0000001400,60,Waterlogic,Wl 100,,18-145-C,17,
060-52-003-04-0000001583,Bateria De Polo Regukar Con No Menos 500 Cold Cranking,"Bateria De Polo Regukar Con No Menos 500 Cold Cranking

Para Ge31727 Chevrolet Cobalt Del 2005",$98.90,Baterías y cargadores,Baterías automotrices,Departamento de Seguridad Pública de Puerto Rico,060,52,003,04,0000001583,060-52-003-04-0000001583,060-52-0000001583,60,Ac Delco,Acd24A-R,12 Meses,18-041-C,4,
060-52-003-05-0000001408,Gomas 245 75 R 16,Gomas 245 75 R 16,$160.00,Neumáticos,Neumáticos para vehículos de pasajeros,Departamento de Seguridad Pública de Puerto Rico,060,52,003,05,0000001408,060-52-003-05-0000001408,060-52-0000001408,60,Cooper,Adventure H,Contra Defecto De Manufactura,21-RFP-005-ASG,A-47,